{"QCD_Pt_170to300_TuneCP5_13TeV_pythia8": [29829920.0, 103500, 2], "ExclusiveWW_a0w1e-6-SingleLepton-2017": [15000.0, 0.062086, 6], "GGToWW_bSM-A0W5e-6_13TeV-fpmc-herwig6": [993000.0, 0.148132, 6], "WW_TuneCP5_13TeV-pythia8": [6551242.0, 115.0, 3], "QCD_Pt_1800to2400_TuneCP5_13TeV_pythia8": [2923941.0, 0.08743, 2], "DYJetsToLL_1J_TuneCP5_13TeV-amcatnloFXFX-pythia8": [95313520.0, 859.59, 12], "QCD_Pt-300to470_MuEnrichedPt5_TuneCP5_13TeV_pythia8": [15679722.0, 797.3526899999999, 2], "W2JetsToLNu_LHEWpT_400-inf_TuneCP5_13TeV-amcnloFXFX-pythia8": [28437586.0, 3.037, 862], "WJetsToLNu_HT-1200To2500_TuneCP5_13TeV-madgraphMLM-pythia8": [20258624.0, 1.02333, 862], "W1JetsToLNu_LHEWpT_100-150_TuneCP5_13TeV-amcnloFXFX-pythia8": [73339769.0, 286.1, 862], "ST_t-channel_antitop_4f_inclusiveDecays_TuneCP5_13TeV-powhegV2-madspin-pythia8": [3939990.0, 80.945, 7], "ExclusiveWW_SM_FPMC-SingleLepton-2017": [19000.0, 0.0391, 1], "QCD_Pt-600to800_MuEnrichedPt5_TuneCP5_13TeV_pythia8": [16171482.0, 25.09505908, 2], "QCD_Pt_600to800_TuneCP5_13TeV_pythia8": [65853780.0, 156.9, 2], "ST_tW_antitop_5f_inclusiveDecays_TuneCP5_13TeV-powheg-pythia8": [7780870.0, 35.85, 7], "DYJetsToLL_0J_TuneCP5_13TeV-amcatnloFXFX-pythia8": [88230653.0, 4620.52, 12], "QCD_Pt_1000to1400_TuneCP5_13TeV_pythia8": [19631814.0, 7.47, 2], "QCD_Pt_3200toInf_TuneCP5_13TeV_pythia8": [757837.0, 0.0001357, 2], "DYJetsToLL_M-50_TuneCP5_13TeV-amcatnloFXFX-pythia8": [26067847.0, 5765.4, 12], "WJetsToLNu_1J_TuneCP5_13TeV-amcatnloFXFX-pythia8": [169257330.0, 8426.094, 862], "W1JetsToLNu_LHEWpT_250-400_TuneCP5_13TeV-amcnloFXFX-pythia8": [20521250.0, 8.05, 862], "W2JetsToLNu_LHEWpT_100-150_TuneCP5_13TeV-amcnloFXFX-pythia8": [36081702.0, 277.7, 862], "ST_s-channel_4f_leptonDecays_TuneCP5_13TeV-amcatnlo-pythia8": [9568575.0, 3.36, 7], "WJetsToLNu_0J_TuneCP5_13TeV-amcatnloFXFX-pythia8": [180935349.0, 50131.983, 862], "DYJetsToLL_2J_TuneCP5_13TeV-amcatnloFXFX-pythia8": [54314805.0, 338.26, 12], "ST_t-channel_top_4f_inclusiveDecays_TuneCP5_13TeV-powhegV2-madspin-pythia8": [5865875.0, 136.02, 7], "QCD_Pt-800to1000_MuEnrichedPt5_TuneCP5_13TeV_pythia8": [14559081.0, 4.707368272, 2], "GGToWW_bSM-A0W1e-6_13TeV-fpmc-herwig6": [993700.0, 0.0453974, 6], "WZ_TuneCP5_13TeV-pythia8": [3928630.0, 47.13, 3], "GGToWW_bSM-A0W2e-6_13TeV-fpmc-herwig6": [880000, 0.0583158, 6], "QCD_Pt_800to1000_TuneCP5_13TeV_pythia8": [39529008.0, 26.28, 2], "TTToSemiLeptonic_TuneCP5_13TeV-powheg-pythia8": [40231698.0, 361.8156, 800], "ZZ_TuneCP5_13TeV-pythia8": [1949768.0, 16.523, 3], "ExclusiveWW_a0w2p5e-6-SingleLepton-2017": [19923.0, 0.1282, 38], "TTJets_TuneCP5_13TeV-amcatnloFXFX-pythia8": [153531390.0, 831.76, 800], "W1JetsToLNu_LHEWpT_400-inf_TuneCP5_13TeV-amcnloFXFX-pythia8": [2959958.0, 0.885, 862], "WJetsToLNu_2J_TuneCP5_13TeV-amcatnloFXFX-pythia8": [60654073.0, 3172.958, 862], "WJetsToLNu_HT-400To600_TuneCP5_13TeV-madgraphMLM-pythia8": [10697050.0, 61.626599999999996, 862], "QCD_Pt_300to470_TuneCP5_13TeV_pythia8": [53212210.0, 6830, 2], "W1JetsToLNu_LHEWpT_150-250_TuneCP5_13TeV-amcnloFXFX-pythia8": [117544694.0, 71.9, 862], "W2JetsToLNu_LHEWpT_150-250_TuneCP5_13TeV-amcnloFXFX-pythia8": [162607090.0, 105.9, 862], "WJetsToLNu_HT-600To800_TuneCP5_13TeV-madgraphMLM-pythia8": [18325085.0, 12.4115, 862], "QCD_Pt_470to600_TuneCP5_13TeV_pythia8": [26631720.0, 552.1, 2], "QCD_Pt_2400to3200_TuneCP5_13TeV_pythia8": [1671280.0, 0.005236, 2], "ST_tW_top_5f_inclusiveDecays_TuneCP5_13TeV-powheg-pythia8": [7581624.0, 35.85, 7], "WJetsToLNu_HT-800To1200_TuneCP5_13TeV-madgraphMLM-pythia8": [20245897.0, 5.776050000000001, 862], "QCD_Pt-470to600_MuEnrichedPt5_TuneCP5_13TeV_pythia8": [23940201.0, 79.02553776, 2], "GGToWW_bSM-A0W1e-6_13TeV-fpmc-herwig6-signal-proton-propagation": [220100.0, 0.0453974, 6], "W2JetsToLNu_LHEWpT_250-400_TuneCP5_13TeV-amcnloFXFX-pythia8": [72627227.0, 18.67, 862], "GGToWWTo3L3Nu_PtL-20_13TeV-fpmc-herwig6.root": [310088.0, 0.0775, 1], "QCD_Pt-170to300_MuEnrichedPt5_TuneCP5_13TeV_pythia8": [46438676.0, 8654.49315, 2], "WJetsToLNu_HT-2500ToInf_TuneCP5_13TeV-madgraphMLM-pythia8": [19426229.0, 0.024763200000000003, 862], "WJetsToLNu_TuneCP5_13TeV-madgraphMLM-pythia8": [31865784.0, 61526.7, 862], "WJetsToLNu_HT-200To400_TuneCP5_13TeV-madgraphMLM-pythia8": [19899436.0, 532.356, 862], "WJetsToLNu_HT-100To200_TuneCP5_13TeV-madgraphMLM-pythia8": [26345944.0, 1694.7, 862], "QCD_Pt_1400to1800_TuneCP5_13TeV_pythia8": [5685270.0, 0.6484, 2], "QCD_Pt-1000toInf_MuEnrichedPt5_TuneCP5_13TeV_pythia8": [11208614.0, 1.62131692, 2]}