{"QCD_Pt_170to300_TuneCP5_13TeV_pythia8": [29829920.0, 103500, 2], "ExclusiveWW_a0w1e-6-SingleLepton-2017": [15000.0, 0.062086, 6], "GGToWW_bSM-A0W5e-6_13TeV-fpmc-herwig6": [993000.0, 0.148132, 6], "GGToWWToJJENu_PtL-15_13TeV-fpmc-herwig6": [295401.0, 0.0049534, 1], "QCD_Pt_1800to2400_TuneCP5_13TeV_pythia8": [2923941.0, 0.08743, 2], "ST_s-channel_4f_leptonDecays_TuneCP5_13TeV-madgraph-pythia8": [9420547.0, 3.36, 7], "GGToWW_bSM-ACW5e-6_13TeV-fpmc-herwig6": [99500.0, 0.0487, 6], "QCD_Pt-300to470_MuEnrichedPt5_TuneCP5_13TeV_pythia8": [15679722.0, 797.3526899999999, 2], "GGToWW-SM-fpmc-herwig6-noXiCut": [54019.0, 0.085521, 6], "W2JetsToLNu_LHEWpT_400-inf_TuneCP5_13TeV-amcnloFXFX-pythia8": [18019964.0, 3.037, 862], "WJetsToLNu_HT-1200To2500_TuneCP5_13TeV-madgraphMLM-pythia8": [20258624.0, 1.02333, 862], "W1JetsToLNu_LHEWpT_100-150_TuneCP5_13TeV-amcnloFXFX-pythia8": [73508344.0, 286.1, 862], "ST_t-channel_antitop_4f_inclusiveDecays_TuneCP5_13TeV-powhegV2-madspin-pythia8": [3939990.0, 80.945, 7], "ExclusiveWW_SM_FPMC-SingleLepton-2017": [19000.0, 0.0391, 1], "QCD_Pt-600to800_MuEnrichedPt5_TuneCP5_13TeV_pythia8": [16171482.0, 25.09505908, 2], "QCD_Pt_600to800_TuneCP5_13TeV_pythia8": [66134964.0, 156.9, 2], "ST_tW_antitop_5f_inclusiveDecays_TuneCP5_13TeV-powheg-pythia8": [7780870.0, 35.85, 7], "DYJetsToLL_0J_TuneCP5_13TeV-amcatnloFXFX-pythia8": [88230653.0, 4620.52, 12], "QCD_Pt_1000to1400_TuneCP5_13TeV_pythia8": [19211064.0, 7.47, 2], "GGToWW_bSM-ACW5e-6_13TeV-fpmc-herwig6-2018": [50000, 0.048746, 6], "QCD_Pt_3200toInf_TuneCP5_13TeV_pythia8": [757837.0, 0.0001357, 2], "DYJetsToLL_M-50_TuneCP5_13TeV-amcatnloFXFX-pythia8": [27413121.0, 5765.4, 12], "WJetsToLNu_1J_TuneCP5_13TeV-amcatnloFXFX-pythia8": [169914803.0, 8426.094, 862], "W1JetsToLNu_LHEWpT_250-400_TuneCP5_13TeV-amcnloFXFX-pythia8": [42817232.0, 8.05, 862], "W2JetsToLNu_LHEWpT_100-150_TuneCP5_13TeV-amcnloFXFX-pythia8": [36719823.0, 277.7, 862], "GGToWW_SM_13TeV-fpmc-herwig6-2018": [40000, 0.04041, 6], "ST_s-channel_4f_leptonDecays_TuneCP5_13TeV-amcatnlo-pythia8": [9420547.0, 3.36, 7], "WJetsToLNu_0J_TuneCP5_13TeV-amcatnloFXFX-pythia8": [180773441.0, 50131.983, 862], "DYJetsToLL_2J_TuneCP5_13TeV-amcatnloFXFX-pythia8": [54592285.0, 338.26, 12], "ST_t-channel_top_4f_inclusiveDecays_TuneCP5_13TeV-powhegV2-madspin-pythia8": [5865875.0, 136.02, 7], "QCD_Pt-800to1000_MuEnrichedPt5_TuneCP5_13TeV_pythia8": [14559081.0, 4.707368272, 2], "GGToWW_bSM-A0W1e-6_13TeV-fpmc-herwig6": [993700.0, 0.0453974, 6], "WZ_TuneCP5_13TeV-pythia8": [3928630.0, 47.13, 3], "W2JetsToLNu_LHEWpT_150-250_TuneCP5_13TeV-amcnloFXFX-pythia8": [170274272.0, 105.9, 862], "GGToWW_bSM-A0W2e-6_13TeV-fpmc-herwig6": [708300.0, 0.0583158, 6], "QCD_Pt_800to1000_TuneCP5_13TeV_pythia8": [39529008.0, 26.28, 2], "TTToSemiLeptonic_TuneCP5_13TeV-powheg-pythia8": [40605152.0, 361.8156, 800], "ZZ_TuneCP5_13TeV-pythia8": [1949768.0, 16.523, 3], "ExclusiveWW_a0w2p5e-6-SingleLepton-2017": [19923.0, 0.1282, 38], "TTJets_TuneCP5_13TeV-amcatnloFXFX-pythia8": [149817608.0, 831.76, 800], "W1JetsToLNu_LHEWpT_400-inf_TuneCP5_13TeV-amcnloFXFX-pythia8": [4271484.0, 0.885, 862], "WJetsToLNu_2J_TuneCP5_13TeV-amcatnloFXFX-pythia8": [98123300.0, 3172.958, 862], "WJetsToLNu_HT-400To600_TuneCP5_13TeV-madgraphMLM-pythia8": [10697050.0, 61.626599999999996, 862], "GGToWW_bSM-A0W2e-6_13TeV-fpmc-herwig6-2018-xi0p2": [67663.0, 0.058177, 6], "GGToWW_bSM-A0W5e-6_13TeV-fpmc-herwig6-2018": [39001, 0.1503, 6], "GGToWW_bSM-ACW8e-6_13TeV-fpmc-herwig6": [998400.0, 0.0614, 6], "QCD_Pt_300to470_TuneCP5_13TeV_pythia8": [53798780.0, 6830, 2], "GGToWWToJJMuNu_PtL-15_13TeV-fpmc-herwig6": [275175.0, 0.0046143, 1], "GGToWW_bSM-ACW8e-6_13TeV-fpmc-herwig6-2018": [50000, 0.061138, 6], "W1JetsToLNu_LHEWpT_150-250_TuneCP5_13TeV-amcnloFXFX-pythia8": [125877269.0, 71.9, 862], "GGToWW_bSM-A0W1e-6_13TeV-fpmc-herwig6-2018": [40000, 0.04931, 6], "TTJets_TuneCP5_13TeV-madgraphMLM-pythia8": [0.0, 831.76, 800], "GGToWW_bSM-A0W2e-6_13TeV-fpmc-herwig6-2018": [50000.0, 0.058177, 6], "GGToWW_bSM-ACW2e-5_13TeV-fpmc-herwig6": [1, 0.16476, 6], "QCD_Pt-1000toInf_MuEnrichedPt5_TuneCP5_13TeV_pythia8": [11208614.0, 1.62131692, 2], "ST_t-channel_top_4f_InclusiveDecays_TuneCP5_13TeV-powheg-madspin-pythia8": [5865875.0, 136.02, 7], "WJetsToLNu_HT-600To800_TuneCP5_13TeV-madgraphMLM-pythia8": [18325085.0, 12.4115, 862], "QCD_Pt_470to600_TuneCP5_13TeV_pythia8": [27881028.0, 552.1, 2], "GGToWW_bSM-ACW2e-5_13TeV-fpmc-herwig6-2018": [50000, 0.1661, 6], "QCD_Pt_2400to3200_TuneCP5_13TeV_pythia8": [1910526.0, 0.005236, 2], "ST_tW_top_5f_inclusiveDecays_TuneCP5_13TeV-powheg-pythia8": [7581624.0, 35.85, 7], "WJetsToLNu_HT-800To1200_TuneCP5_13TeV-madgraphMLM-pythia8": [20245897.0, 5.776050000000001, 862], "QCD_Pt-470to600_MuEnrichedPt5_TuneCP5_13TeV_pythia8": [23940201.0, 79.02553776, 2], "GGToWW_bSM-A0W1e-6_13TeV-fpmc-herwig6-signal-proton-propagation": [220100.0, 0.0453974, 6], "W2JetsToLNu_LHEWpT_250-400_TuneCP5_13TeV-amcnloFXFX-pythia8": [143562166.0, 18.67, 862], "GGToWWTo3L3Nu_PtL-20_13TeV-fpmc-herwig6.root": [310088.0, 0.0775, 1], "DYJetsToLL_1J_TuneCP5_13TeV-amcatnloFXFX-pythia8": [95629091.0, 859.59, 12], "QCD_Pt-170to300_MuEnrichedPt5_TuneCP5_13TeV_pythia8": [46438676.0, 8654.49315, 2], "WJetsToLNu_HT-2500ToInf_TuneCP5_13TeV-madgraphMLM-pythia8": [19426229.0, 0.024763200000000003, 862], "WJetsToLNu_TuneCP5_13TeV-madgraphMLM-pythia8": [31865784.0, 61526.7, 862], "WJetsToLNu_HT-200To400_TuneCP5_13TeV-madgraphMLM-pythia8": [19899436.0, 532.356, 862], "ST_t-channel_antitop_4f_InclusiveDecays_TuneCP5_13TeV-powheg-madspin-pythia8": [3939990.0, 80.945, 7], "WJetsToLNu_HT-100To200_TuneCP5_13TeV-madgraphMLM-pythia8": [26345944.0, 1694.7, 862], "GGToWW_bSM-ACW2e-6_13TeV-fpmc-herwig6-2018": [50000, 0.041897, 6], "QCD_Pt_1400to1800_TuneCP5_13TeV_pythia8": [5685270.0, 0.6484, 2], "GGToWW_bSM-A0W5e-7_13TeV-fpmc-herwig6-2018": [50000, 0.041579, 6], "GGToWW_bSM-A0W1e-6_13TeV-fpmc-herwig6-noXiCut": [52456.0, 0.18, 6], "WW_TuneCP5_13TeV-pythia8": [7850000.0, 115.0, 3]}